<?xml version="1.0"?>
<doc>
    <assembly>
        <name>CityHash</name>
    </assembly>
    <members>
        <member name="T:CityHash.CityHash">
            <summary>
            CityHash provides hash functions for strings. The functions mix the
            input bits thoroughly but are not suitable for cryptography.
            </summary>
            <remarks>
            This class can be inherited and it exposes some internal functions (if you want to have fun). 
            More info at the project site: <see href="https://github.com/knuppe/cityhash"/>
            </remarks>
        </member>
        <member name="M:CityHash.CityHash.Donate">
            <summary>
            Opens a link to donation to the author of the CityHash C# port.
            </summary>
            <remarks>
            It is beautiful to see the code running, but this code almost drove me nuts!! 
            I would really appreciate any support ;-)
            </remarks>
        </member>
        <member name="M:CityHash.CityHash.FMix(System.UInt32)">
            <summary>
            A 32-bit to 32-bit integer hash copied from Murmur3.
            </summary>
        </member>
        <member name="M:CityHash.CityHash.Rotate(System.UInt64,System.Int32)">
            <summary>
            Bitwise right rotate. 
            Normally this will compile to a single instruction, especially if the shift is a manifest constant.
            </summary>
        </member>
        <member name="M:CityHash.CityHash.Fetch32(System.Byte[],System.Int32)">
            <summary>
            Returns a 32-bit unsigned integer converted from four bytes at a specified position in a byte array.
            </summary>
            <param name="value">An array of bytes.</param>
            <param name="index">The starting position within value.</param>
            <returns>A 32-bit unsigned integer formed by four bytes beginning at <paramref name="index"/>.</returns>       
        </member>
        <member name="M:CityHash.CityHash.Fetch32(System.Byte[],System.UInt32)">
            <summary>
            Returns a 32-bit unsigned integer converted from four bytes at a specified position in a byte array.
            </summary>
            <param name="value">An array of bytes.</param>
            <param name="index">The starting position within value.</param>
            <returns>A 32-bit unsigned integer formed by four bytes beginning at <paramref name="index"/>.</returns>        
        </member>
        <member name="M:CityHash.CityHash.Fetch64(System.Byte[],System.Int32)">
            <summary>
            Returns a 64-bit unsigned integer converted from eight bytes at a specified position in a byte array.
            </summary>
            <param name="value">An array of bytes.</param>
            <param name="index">The starting position within <paramref name="value"/>.</param>
            <returns>A 64-bit unsigned integer formed by the eight bytes beginning at <paramref name="index"/>.</returns>
        </member>
        <member name="M:CityHash.CityHash.CityMurmur(System.Byte[],CityHash.uint128,System.Int32)">
            <summary>
            A subroutine for CityHash128().  Returns a decent 128-bit hash for strings
            of any length representable in signed long.  Based on City and Murmur.
            </summary>
        </member>
        <member name="M:CityHash.CityHash.CityHash32(System.String)">
            <summary>
            Computes a 32-bit city hash for the specified string.
            </summary>
            <param name="value">The string value.</param>
            <returns>A 32-bit city hash.</returns>
            <remarks>This function encodes the string using the unicode block (ISO/IEC 8859-1).</remarks>
        </member>
        <member name="M:CityHash.CityHash.CityHash32(System.Byte[])">
            <summary>
            Computes a 32-bit city hash for the given encoded string.
            </summary>
            <param name="value">The string value.</param>
            <returns>A 32-bit city hash.</returns>
            <exception cref="T:System.ArgumentNullException">value</exception>
            <remarks>
            The city hash is designed to compute hash for STRINGs only! 
            The city hash "works" with other types of data, but keep in mind it was not built for it.
            </remarks>
        </member>
        <member name="M:CityHash.CityHash.CityHash64(System.String)">
            <summary>
            Computes the 64-bit city hash for the specified string.
            </summary>
            <param name="value">The string value.</param>
            <returns>The 64-bit city hash.</returns>
            <remarks>This function encodes the string using the unicode block (ISO/IEC 8859-1).</remarks>
        </member>
        <member name="M:CityHash.CityHash.CityHash64(System.Byte[])">
            <summary>
            Computes the 64-bit city hash for the encoded string.
            </summary>
            <param name="value">The encoded string.</param>
            <returns>The 64-bit city hash.</returns>
            <remarks>
            The city hash is designed to compute hash for STRINGs only! 
            The city hash "works" with other types of data, but keep in mind it was not built for it.
            </remarks>
        </member>
        <member name="M:CityHash.CityHash.CityHash64(System.String,System.UInt64)">
            <summary>
            Computes the 64-bit city hash for the specified string and seed.
            </summary>
            <param name="value">The string value.</param>
            <param name="seed">The seed used by the algorithm.</param>
            <returns>The 64-bit city hash.</returns>
            <remarks>This function encodes the string using the unicode block (ISO/IEC 8859-1).</remarks>
        </member>
        <member name="M:CityHash.CityHash.CityHash64(System.String,System.UInt64,System.UInt64)">
            <summary>
            Computes the 64-bit city hash for the specified string and seed.
            </summary>
            <param name="value">The string value.</param>
            <param name="seed0">The low-order 64-bits seed used by the algorithm.</param>
            <param name="seed1">The high-order 64-bits seed used by the algorithm.</param>
            <returns>The 64-bit city hash.</returns>
            <remarks>This function encodes the string using the unicode block (ISO/IEC 8859-1).</remarks>
        </member>
        <member name="M:CityHash.CityHash.CityHash64(System.Byte[],System.UInt64)">
            <summary>
            Computes the 64-bit city hash for the specified string and seed.
            </summary>
            <param name="value">The encoded string.</param>
            <param name="seed">The seed used by the algorithm.</param>
            <returns>The 64-bit city hash.</returns>
        </member>
        <member name="M:CityHash.CityHash.CityHash64(System.Byte[],System.UInt64,System.UInt64)">
            <summary>
            Computes the 64-bit city hash for the specified string and seed.
            </summary>
            <param name="value">The encoded string.</param>
            <param name="seed0">The low-order 64-bits seed used by the algorithm.</param>
            <param name="seed1">The high-order 64-bits seed used by the algorithm.</param>
            <returns>The 64-bit city hash.</returns>
        </member>
        <member name="M:CityHash.CityHash.CityHash128(System.String)">
            <summary>
            Computes the 128-bit city hash and are tuned for strings of at least a few hundred bytes.
            </summary>
            <param name="value">The string value.</param>
            <returns>The 128-bit city hash.</returns>
            <remarks>This function encodes the string using the unicode block (ISO/IEC 8859-1).</remarks>
        </member>
        <member name="M:CityHash.CityHash.CityHash128(System.String,CityHash.uint128)">
            <summary>
            Computes the 128-bit city hash and are tuned for strings of at least a few hundred bytes using 
            the specified <paramref name="seed"/>.
            </summary>
            <param name="value">The string value.</param>
            <param name="seed">The seed used by the city hash algorithm.</param>
            <returns>The 128-bit city hash.</returns>
            <remarks>This function encodes the string using the unicode block (ISO/IEC 8859-1).</remarks>
        </member>
        <member name="M:CityHash.CityHash.CityHash128(System.Byte[])">
            <summary>
            Computes a 128-bit city hash for the given encoded string.
            </summary>
            <param name="value">The encoded string.</param>
            <returns>The 128-bit city hash.</returns>
            <remarks>
            The city hash is designed to compute hash for STRINGs only! 
            The city hash "works" with other types of data, but keep in mind it was not built for it.
            </remarks>
        </member>
        <member name="M:CityHash.CityHash.CityHash128(System.Byte[],CityHash.uint128,System.Int32)">
            <summary>
            Computes the 128-bit city hash and are tuned for strings of at least a few hundred bytes using 
            the specified <paramref name="seed"/> starting at a <paramref name="offset"/> position.
            </summary>
            <param name="value">The encoded string.</param>
            <param name="seed">The seed used by the hash alrorithm.</param>
            <param name="offset">The offset position in the byte array.</param>
            <returns>The 128-bit city hash.</returns>
            <remarks>
            The city hash is designed to compute hash for STRINGs only! 
            The city hash "works" with other types of data, but keep in mind it was not built for it.
            </remarks>
        </member>
        <member name="M:CityHash.CityHash.HashLen17to32(System.Byte[])">
            <summary>
            This probably works well for 16-byte strings as well, but it may be overkill in that case.
            </summary>
        </member>
        <member name="M:CityHash.CityHash.HashLen33to64(System.Byte[])">
            <summary>
            Return an 8-byte hash for 33 to 64 bytes.
            </summary>
        </member>
        <member name="M:CityHash.CityHash.WeakHashLen32WithSeeds(System.UInt64,System.UInt64,System.UInt64,System.UInt64,System.UInt64,System.UInt64)">
            <summary>
            Return a 16-byte hash for 48 bytes. Quick and dirty.
            Callers do best to use "random-looking" values for a and b.
            </summary>
        </member>
        <member name="T:CityHash.uint128">
            <summary>
            Represents a 128-bit unsigned integer.
            </summary>
        </member>
        <member name="M:CityHash.uint128.#ctor(System.UInt64,System.UInt64)">
            <summary>
            Initializes a new instance of the <see cref="T:uint128"/> struct.
            </summary>
        </member>
        <member name="M:CityHash.uint128.Equals(CityHash.uint128)">
            <summary>
            Indicates whether the current object is equal to another object of the same type.
            </summary>
            <returns>
            true if the current object is equal to the <paramref name="other"/> parameter; otherwise, false.
            </returns>
            <param name="other">An object to compare with this object.</param>
        </member>
        <member name="M:CityHash.uint128.Equals(System.Object)">
            <summary>
            Indicates whether this instance and a specified object are equal.
            </summary>
            <returns>
            true if <paramref name="obj"/> and this instance are the same type and represent the same value; otherwise, false.
            </returns>
            <param name="obj">Another object to compare to. </param>
        </member>
        <member name="M:CityHash.uint128.GetHashCode">
            <summary>
            Returns the hash code for this instance.
            </summary>
            <returns>
            A 32-bit signed integer that is the hash code for this instance.
            </returns>
        </member>
        <member name="P:CityHash.uint128.Low">
            <summary>
            Gets or sets the low-order 64-bits.
            </summary>
            <value>The low-order 64-bits.</value>
        </member>
        <member name="P:CityHash.uint128.High">
            <summary>
            Gets or sets the high-order 64-bits.
            </summary>
            <value>The high-order 64-bits.</value>
        </member>
    </members>
</doc>
